Rank;Most commonly-assigned gender;Proportion in males;Name;Incidence
1;F;0;Maria;14,524,659
2;M;100;José;8,002,933
3;M;100;João;3,810,830
4;M;100;Antônio;3,642,848
5;F;0;Ana;3,193,410
6;M;100;Francisco;2,609,321
7;M;100;Luiz;1,798,775
8;M;100;Carlos;1,692,417
9;M;100;Paulo;1,632,663
10;M;100;Pedro;1,534,904
11;M;100;Manoel;1,342,227
12;M;100;Marcos;1,111,742
13;M;100;Lucas;1,056,387
14;F;0;Francisca;989,572
15;M;100;Raimundo;933,628
16;M;100;Gabriel;842,001
17;M;100;Rafael;795,944
18;F;0;Antônia;781,621
19;M;100;Marcelo;757,651
20;M;100;Sebastião;743,616
21;M;100;Daniel;741,817
22;M;100;Luis;704,760
23;M;100;Eduardo;660,022
24;M;100;Bruno;638,485
25;M;100;Rodrigo;625,940
26;M;100;Fernando;610,235
27;M;100;Jorge;602,308
28;F;0;Adriana;593,616
29;M;100;André;592,905
30;M;100;Fábio;572,060
31;M;100;Matheus;571,814
32;F;3;Marcia;568,235
33;M;100;Leonardo;564,086
34;M;100;Guilherme;557,160
35;F;0;Juliana;544,314
36;F;0;Fernanda;525,861
37;M;100;Leandro;525,188
38;M;100;Felipe;524,992
39;M;100;Ricardo;512,118
40;M;100;Márcio;511,222
41;F;2;Patrícia;511,095
42;M;100;Edson;504,943
43;F;3;Sandra;502,272
44;M;100;Roberto;500,631
45;M;100;Gustavo;498,881
46;M;100;Anderson;498,571
47;M;100;Alexandre;494,762
48;M;100;Geraldo;490,756
49;M;100;Thiago;490,708
50;F;0;Aline;475,729
51;F;0;Josefa;449,766
52;F;0;Jéssica;446,805
53;M;98;Luciana;442,644
54;F;0;Julia;440,801
55;M;100;Sergio;440,168
56;M;100;Miguel;438,765
57;F;0;Amanda;436,810
58;M;100;Joaquim;427,451
59;F;0;Bruna;425,674
60;F;0;Raimunda;415,072
61;F;0;Vanessa;409,727
62;F;2;Rita;405,836
63;F;2;Vera;396,471
64;M;100;Diego;394,563
65;F;0;Camila;388,246
66;M;100;Claudio;379,496
67;M;100;Julio;378,709
68;M;100;Davi;377,592
69;F;0;Letícia;377,145
70;F;3;Sonia;374,677
71;M;100;Luciano;371,994
72;F;0;Rosa;371,490
73;F;100;Terezinha;368,899
74;F;0;Mariana;366,411
75;M;100;Benedito;362,223
76;F;0;Beatriz;361,792
77;F;2;Simone;360,458
78;M;100;Adriano;359,712
79;M;100;Mario;359,660
80;M;100;Vinicius;359,046
81;M;100;Renato;356,747
82;F;0;Eliane;354,875
83;F;2;Renata;348,516
84;F;0;Claudia;344,727
85;F;0;Larissa;340,465
86;M;100;Tiago;334,948
87;M;100;Arthur;332,583
88;F;0;Cristiane;329,597
89;M;100;Alex;328,009
90;M;100;Samuel;326,601
91;F;1;Rosângela;325,957
92;F;0;Joana;325,884
93;F;0;Gabriela;321,605
94;F;1;Marlene;319,495
95;F;0;Luana;318,566
96;M;100;Cicero;318,323
97;M;100;Victor;315,993
98;F;0;Luzia;312,448
99;F;0;Aparecida;306,857
100;M;100;Vitor;304,562
101;F;0;Angela;301,878
102;F;0;Fabiana;298,612
103;M;100;Rogerio;297,412
104;M;100;Ronaldo;296,371
105;F;0;Alice;288,749
106;M;100;Flavio;285,385
107;F;0;Daniela;284,739
108;M;100;Nelson;284,400
109;M;100;Douglas;284,213
110;F;0;Luiza;282,881
111;M;100;Mateus;280,573
112;F;0;Laura;280,251
113;F;0;Helena;278,659
114;F;0;Raquel;278,637
115;F;0;Carla;276,133
116;F;2;Lucia;274,747
117;F;4;Regina;274,671
118;M;100;Severino;272,512
119;F;0;Andreia;271,146
120;F;0;Alessandra;269,807
121;F;0;Debora;268,533
122;M;100;Reginaldo;266,478
123;M;100;Gilberto;264,950
124;F;0;Vitoria;262,183
125;M;100;Robson;261,624
126;M;100;Henrique;261,208
127;M;100;Wilson;257,598
128;F;0;Elaine;257,361
129;F;0;Jaqueline;256,352
130;M;100;Mauricio;247,388
131;M;100;Marco;245,587
132;F;0;Thais;244,525
133;F;0;Priscila;239,900
134;M;100;Elias;233,715
135;F;0;Anna;232,028
136;F;0;Natalia;231,771
137;M;100;Tereza;229,678
138;M;100;David;229,584
139;F;0;Flavia;228,206
140;M;100;Domingos;227,068
141;F;0;Rafaela;226,679
142;F;0;Andrea;224,695
143;F;1;Marina;223,663
144;F;0;Viviane;222,618
145;F;2;Silvana;222,286
146;F;0;Edna;221,093
147;M;100;Igor;220,699
148;M;100;Wellington;219,713
149;M;100;Danilo;216,765
150;F;0;Paula;213,474
151;M;100;Cristiano;210,110
152;M;100;Vicente;210,079
153;F;2;Solange;209,735
154;M;100;Jefferson;209,409
155;F;0;Bianca;207,548
156;F;4;Silvia;207,024
157;F;2;Marta;204,883
158;F;2;Sueli;203,830
159;F;4;Mônica;203,101
160;F;0;Isabel;201,934
161;M;100;Osvaldo;200,233
162;M;100;Valdir;200,007
163;F;0;Tatiane;197,494
164;M;100;Emerson;194,108
165;M;100;Mauro;192,302
166;M;100;Jean;192,085
167;M;100;Wagner;191,505
168;F;0;Sebastiana;190,888
169;M;100;Wesley;190,427
170;M;100;Adilson;190,214
171;F;0;Eliana;189,664
172;F;0;Celia;188,474
173;F;0;Janaina;187,132
174;F;0;Eva;186,389
175;M;100;Gilmar;186,300
176;F;3;Rosana;185,279
177;M;100;Caio;184,474
178;M;100;Milton;184,126
179;M;100;Marli;183,576
180;M;100;Jair;181,592
181;F;0;Carolina;181,162
182;F;0;Katia;180,903
183;F;0;Marilene;180,452
184;M;100;Helio;180,212
185;M;100;Gilson;177,895
186;F;0;Benedita;177,322
187;F;0;Daiane;176,192
188;F;0;Andressa;175,979
189;F;0;Cristina;175,123
190;M;100;Jonas;174,602
191;F;0;Caroline;173,908
192;M;100;William;173,516
193;F;0;Daniele;173,057
194;M;96;Valeria;171,236
195;M;100;Joel;170,862
196;F;0;Elza;170,638
197;F;0;Elisangela;170,585
198;F;3;Tania;169,961
199;M;100;Alessandro;169,506
200;F;0;Barbara;167,861
201;M;100;Fabiano;166,878
202;M;100;Celso;165,368
203;M;100;Adao;164,776
204;F;0;Denise;163,822
205;F;0;Erica;163,245
206;M;100;Alan;163,172
207;F;0;Irene;162,375
208;M;100;Silvio;162,260
209;F;0;Sára;162,135
210;M;100;Renan;161,333
211;F;0;Izabel;161,055
212;F;0;Luan;157,426
213;M;100;Edilson;156,641
214;F;99;Roseli;156,108
215;M;100;Jeferson;155,589
216;F;0;Luciene;153,902
217;M;100;Reinaldo;153,900
218;F;0;Sabrina;152,916
219;M;100;Fabricio;152,505
220;M;100;Ivan;150,833
221;M;100;Augusto;150,349
222;M;100;Orlando;149,954
223;M;100;Willian;149,829
224;F;0;Severina;149,262
225;M;100;Alberto;148,756
226;F;0;Fatima;148,543
227;F;0;Isabela;148,484
228;M;100;Michele;147,015
229;M;100;Nair;146,632
230;M;100;Diogo;146,357
231;F;0;Yasmin;146,194
232;F;0;Margarida;146,146
233;F;0;Cecilia;145,902
234;M;100;Moises;144,882
235;F;0;Tatiana;144,333
236;F;0;Roberta;143,678
237;F;0;Livia;143,436
238;M;100;Walter;142,745
239;M;100;Ademir;141,517
240;F;1;Vilma;139,542
241;F;1;Neusa;139,010
242;F;0;Josiane;138,798
243;M;100;Edmilson;137,381
244;F;0;Ivone;136,447
245;M;100;Sandro;134,756
246;M;100;Edvaldo;134,017
247;F;0;Kelly;133,034
248;F;0;Isabella;132,481
249;M;100;Everton;132,257
250;F;0;Gisele;131,934
251;M;100;Gerson;130,914
252;M;100;Ailton;130,791
253;F;0;Karina;130,727
254;M;100;Rubens;130,652
255;M;100;Evandro;130,503
256;M;100;Neuza;130,118
257;M;100;Osmar;128,967
258;M;100;Enzo;128,799
259;F;0;Lorena;127,765
260;M;100;Bernardo;127,730
261;M;100;Nilton;127,601
262;F;0;Rosilene;127,254
263;M;100;Valmir;126,715
264;M;100;Nilson;126,601
265;F;0;Lara;126,207
266;M;100;Lourdes;125,786
267;M;100;Pablo;124,831
268;F;0;Cicera;124,387
269;F;0;Geralda;124,089
270;F;2;Vania;123,868
271;F;0;Mayara;122,642
272;F;0;Marcela;122,391
273;F;0;Milena;121,318
274;F;0;Veronica;121,121
275;F;0;Eunice;121,019
276;F;2;Selma;120,635
277;M;100;Aparecido;120,280
278;F;0;Angelica;120,066
279;F;0;Ingrid;119,916
280;F;0;Elizabeth;119,804
281;F;0;Mária;119,630
282;M;100;Vanderlei;118,833
283;F;0;Eduarda;118,772
284;F;0;Conceicao;118,305
285;F;0;Nathalia;117,770
286;F;3;Lilian;116,902
287;F;0;Giovanna;116,672
288;M;100;Otavio;116,667
289;M;100;Cesar;116,540
290;M;100;Valter;116,336
291;F;0;Lais;116,327
292;M;100;Juliano;115,576
293;M;100;Murilo;115,413
294;F;0;Sophia;115,330
295;M;100;Hugo;113,646
296;M;100;Angelo;113,239
297;M;100;Israel;113,163
298;F;0;Iracema;111,511
299;M;100;Jonathan;110,363
300;M;100;Josue;110,218
301;M;100;Manuel;109,646
302;F;0;Danielle;109,637
303;F;0;Erika;109,126
304;M;100;Valdeci;108,748
305;F;0;Cleonice;108,619
306;F;2;Neide;108,569
307;F;0;Alzira;107,931
308;M;100;Nicolas;107,794
309;F;0;Janete;107,753
310;F;0;Cleide;107,651
311;M;100;Arnaldo;107,297
312;F;0;Pamela;106,681
313;F;0;Brenda;106,553
314;M;100;Arlindo;105,802
315;F;3;Leila;105,745
316;F;0;Marinalva;104,694
317;M;100;Alfredo;103,697
318;F;0;Mirian;103,662
319;F;0;Sarah;103,530
320;F;0;Cintia;102,803
321;M;100;Jaime;102,347
322;F;0;Hilda;101,551
323;F;0;Heloisa;100,981
324;M;100;Marcus;100,816
325;M;100;Erick;100,704
326;M;100;Edivaldo;100,631
327;F;0;Ester;99,613
328;M;100;Valdemar;99,280
329;M;100;Wanderson;98,942
330;M;100;Nivaldo;98,774
331;M;100;Alcides;98,292
332;M;100;Ismael;98,229
333;M;100;Cleiton;98,228
334;F;0;Zilda;97,678
335;F;0;Elizabete;97,241
336;F;0;Joelma;97,214
337;F;0;Isadora;96,489
338;M;100;Nilza;96,483
339;M;100;Breno;96,314
340;F;0;Joyce;96,184
341;F;0;Samara;96,128
342;M;100;Damiao;95,860
343;F;34;Michelle;95,645
344;M;100;Lourival;94,915
345;M;100;Cleber;94,794
346;M;100;Raphael;94,173
347;M;100;Moacir;93,584
348;F;0;Teresinha;93,439
349;F;15;Miriam;93,228
350;M;100;Jackson;92,535
351;M;100;Heitor;92,117
352;M;100;Alisson;91,502
353;F;0;Luciane;91,468
354;M;100;Vagner;91,239
355;F;0;Clarice;91,101
356;F;0;Lidia;91,100
357;F;0;Carmen;90,887
358;M;100;Jairo;90,653
359;F;3;Iraci;90,608
360;M;100;Yuri;90,520
361;M;100;Alexsandro;90,454
362;F;0;Lucilene;90,169
363;F;0;Regiane;89,812
364;M;100;Lucimar;89,729
365;F;0;Sheila;89,392
366;F;0;Dalva;89,099
367;F;0;Sofia;88,768
368;F;4;Marisa;88,705
369;M;100;Celio;88,014
370;F;0;Talita;87,876
371;F;0;Liliane;87,711
372;F;0;Emilly;87,543
373;M;100;Jailson;87,508
374;M;100;Maicon;86,780
375;M;98;Marilia;86,120
376;M;97;Suely;85,412
377;M;100;Alvaro;85,400
378;M;100;Juarez;85,322
379;M;100;Valdemir;84,760
380;F;0;Eliene;83,868
381;M;100;Filipe;83,730
382;F;0;Iara;83,712
383;F;0;Rosane;83,512
384;F;0;Clara;83,282
385;F;2;Mara;82,995
386;M;5;Dayane;82,621
387;M;100;Armando;82,283
388;F;0;Giovana;82,245
389;F;12;Tamires;82,222
390;M;100;Ivo;81,555
391;M;100;Charles;81,505
392;F;0;Andreza;81,266
393;M;100;Isaias;81,238
394;F;0;Lidiane;81,139
395;M;100;Artur;81,012
396;M;100;Italo;80,975
397;F;0;Ivonete;80,892
398;F;0;Jane;80,828
399;F;0;Teresa;80,464
400;F;0;Franciele;80,386
401;M;93;Kaua;80,380
402;M;100;Lazaro;80,327
403;F;0;Amelia;80,146
404;F;0;Edilene;80,064
405;F;0;Nayara;79,728
406;M;100;Sidney;79,276
407;F;0;Odete;78,722
408;F;0;Ruth;78,672
409;F;0;Karen;78,581
410;F;0;Rebeca;78,512
411;F;0;Elizangela;78,443
412;F;0;Karla;78,320
413;M;100;Claudinei;78,281
414;M;100;Raul;78,246
415;M;100;Washington;78,203
416;M;100;Eder;77,845
417;M;100;Michel;77,686
418;M;100;Agnaldo;77,644
419;M;100;Gilvan;77,568
420;M;100;Ademar;77,349
421;M;100;Sidnei;77,271
422;M;100;Odair;77,024
423;M;100;Almir;77,015
424;F;0;Suzana;75,890
425;M;100;Everaldo;75,827
426;F;0;Eliete;75,682
427;F;0;Cleusa;75,607
428;F;0;Manuela;75,471
429;F;0;Elisabete;75,226
430;M;100;Emanuel;74,872
431;M;100;Michael;74,733
432;F;0;Diana;73,924
433;F;0;Victoria;73,599
434;M;100;Denilson;73,565
435;F;0;Emilia;73,353
436;M;57;Ruan;73,352
437;M;100;Ezequiel;73,031
438;F;0;Vanda;72,966
439;F;0;Paloma;72,867
440;F;1;Olga;72,804
441;M;100;Nadir;72,422
442;M;100;Allan;72,042
443;F;0;Jussara;72,033
444;M;100;Juan;72,014
445;F;0;Joice;71,904
446;F;0;Rosalina;71,153
447;F;0;Rejane;70,814
448;M;100;Ivanildo;70,787
449;M;100;Marlon;70,339
450;F;0;Ines;70,230
451;F;0;Tais;70,084
452;M;100;Josias;69,928
453;F;0;Karine;69,663
454;M;100;Elton;69,491
455;M;100;Ramon;69,329
456;M;100;Natanael;69,049
457;F;0;Elisa;68,728
458;F;0;Alexandra;68,696
459;M;100;Humberto;68,680
460;F;0;Catarina;67,726
461;M;100;Isaac;67,351
462;M;100;Denis;67,321
463;M;100;Ryan;66,757
464;F;3;Marly;66,243
465;F;0;Claudete;66,092
466;M;100;Patrick;66,013
467;F;0;Raissa;65,838
468;M;100;Valdomiro;65,743
469;M;100;Valdecir;65,529
470;F;0;Angelina;65,398
471;M;100;Afonso;65,332
472;F;0;Luisa;65,071
473;F;0;Telma;64,912
474;F;0;Ellen;64,841
475;F;0;Carmem;64,645
476;M;100;Adalberto;64,479
477;F;0;Celina;64,374
478;F;0;Dirce;64,335
479;M;100;Kauan;64,301
480;F;0;Jacqueline;64,178
481;F;0;Arlete;64,049
482;F;0;Luzinete;64,032
483;F;0;Cassia;63,717
484;F;5;Yasmim;63,288
485;F;0;Jandira;62,952
486;F;0;Zelia;62,738
487;F;0;Rosimeire;62,542
488;M;71;Darci;62,496
489;F;0;Geni;62,448
490;F;0;Valdirene;62,339
491;F;0;Daiana;62,238
492;M;100;Rodolfo;62,204
493;M;100;Oscar;61,939
494;F;0;Suelen;61,899
495;F;0;Emily;61,682
496;F;0;Geovana;61,459
497;F;29;Rayane;61,456
498;M;95;Josimar;61,289
499;F;0;Monique;61,269
500;F;0;Elizete;61,216
501;M;100;Airton;61,112
502;F;0;Valentina;61,105
503;F;0;Gislaine;60,888
504;M;100;Clovis;60,681
505;M;100;Romario;60,646
506;M;64;Maycon;60,619
507;F;0;Elvira;60,617
508;F;0;Ariane;60,581
509;M;100;Laercio;60,425
510;M;100;Lucio;60,298
511;M;100;Vilmar;60,204
512;F;0;Olivia;60,144
513;M;100;Roque;59,464
514;M;100;Waldemar;59,289
515;F;0;Iolanda;59,268
516;M;100;Claudemir;59,166
517;F;0;Keila;59,126
518;F;0;Shirley;59,087
519;M;100;Amaro;58,934
520;F;0;Nicole;58,918
521;M;100;Oswaldo;58,553
522;F;0;Melissa;58,319
523;M;100;Ednaldo;57,718
524;M;100;Jurandir;57,642
525;M;100;Edgar;57,461
526;F;0;Joseane;57,274
527;F;33;Juraci;57,190
528;F;0;Rosiane;57,071
529;F;0;Evelyn;57,053
530;M;100;António;56,696
531;M;100;Djalma;56,532
532;M;100;Edinaldo;56,516
533;M;100;Lauro;56,233
534;F;0;Mariane;55,932
535;F;0;Poliana;55,791
536;F;0;Noemia;55,719
537;M;100;Divino;55,655
538;M;100;Gabrielle;55,545
539;M;100;Cosme;55,487
540;F;0;Silvania;55,218
541;F;0;Domingas;55,159
542;M;100;Geovane;54,997
543;M;100;Kleber;54,782
544;M;100;Salvador;54,756
545;M;100;Edmar;54,740
546;F;0;Marilda;54,682
547;F;0;Ilda;54,587
548;F;0;Damiana;54,529
549;M;100;Genivaldo;54,476
550;M;100;Romulo;54,433
551;F;0;Edite;54,347
552;F;0;Glaucia;54,239
553;M;100;Richard;54,213
554;F;0;Catia;54,205
555;M;100;Valdete;54,161
556;M;100;Jhonatan;54,051
557;F;0;Taina;53,850
558;M;100;Dirceu;53,758
559;F;0;Aurea;53,679
560;F;0;Rayssa;53,610
561;F;0;Valquiria;53,594
562;M;100;Jonatas;53,510
563;F;0;Maiara;53,463
564;M;100;Cássio;53,331
565;M;100;Junior;53,118
566;F;0;Norma;53,015
567;F;0;Creuza;52,947
568;F;0;Mariza;52,946
569;M;100;Wallace;52,878
570;M;100;Lindomar;52,729
571;M;100;Evaldo;52,726
572;F;15;Gabrielly;52,663
573;M;100;Itamar;52,482
574;F;0;Vivian;52,472
575;F;0;Isabelly;52,417
576;F;0;Fabiola;52,359
577;F;0;Alana;52,173
578;M;100;Vilson;52,165
579;M;100;Kaio;51,966
580;F;0;Rosemeire;51,963
581;M;100;Inacio;51,922
582;M;100;Adailton;51,750
583;F;0;Ivanete;51,529
584;M;100;Edison;51,491
585;F;0;Gabriella;51,089
586;F;0;Carmelita;51,064
587;F;0;Isabelle;50,961
588;F;8;Iris;50,884
589;F;0;Fabiane;50,843
590;F;0;Lindalva;50,678
591;F;0;Juliane;50,637
592;F;0;Rute;50,592
593;F;0;Leidiane;50,331
594;F;0;Sirlene;50,262
595;M;100;Irineu;50,220
596;M;100;Agenor;50,214
597;F;0;Alaide;50,189
598;M;100;Jesus;49,925
599;F;0;Jeane;49,830
600;F;0;Adelia;49,798
601;F;0;Deise;49,412
602;F;0;Cleuza;49,394
603;F;0;Naiara;49,183
604;M;100;Saulo;49,162
605;F;0;Ivete;49,125
606;F;0;Madalena;49,086
607;F;0;Nadia;48,979
608;F;0;Lucineide;48,942
609;M;99;Cristian;48,863
610;M;100;Euclides;48,830
611;M;100;Juvenal;48,691
612;M;100;Eric;48,690
613;M;100;Waldir;48,244
614;M;100;Gabriele;48,072
615;M;100;Sirlei;47,913
616;F;0;Quiteria;47,866
617;F;0;Divina;47,838
618;F;0;Diva;47,826
619;F;0;Nubia;47,700
620;F;0;Rosilda;47,581
621;F;0;Jennifer;47,487
622;F;0;Maristela;47,327
623;F;0;Jacira;47,206
624;M;100;Wanderley;47,177
625;M;100;Messias;47,116
626;M;100;Frederico;46,956
627;F;0;Elenice;46,761
628;M;100;Elizeu;46,643
629;F;0;Marinete;46,617
630;M;96;Altair;46,541
631;F;0;Lucimara;46,496
632;M;100;George;46,334
633;M;100;Erivaldo;46,076
634;F;0;Paola;46,008
635;F;0;Nilda;45,963
636;F;0;Rosineide;45,846
637;M;1;Ivani;45,844
638;F;0;Virginia;45,771
639;F;0;Rose;45,741
640;M;100;Expedito;45,736
641;F;0;Adriane;45,733
642;M;100;José;45,670
643;F;0;Maura;45,525
644;F;0;Carina;45,466
645;F;0;Ligia;45,368
646;M;100;Aldo;45,104
647;M;100;Alexandro;45,102
648;M;100;Jailton;44,926
649;F;0;Esther;44,912
650;F;0;Margarete;44,764
651;M;100;Iago;44,722
652;F;0;Rosemary;44,656
653;F;0;Doralice;44,575
654;F;0;Thalita;44,568
655;F;0;Tainara;44,517
656;M;100;Hamilton;44,345
657;F;0;Hellen;44,247
658;F;0;Anne;44,180
659;M;100;Kaique;43,904
660;F;0;Salete;43,896
661;F;0;Lucineia;43,831
662;F;0;Anita;43,797
663;F;0;Raiane;43,720
664;M;100;Eugenio;43,676
665;M;100;Ernesto;43,665
666;F;0;Adelaide;43,615
667;M;100;Patrícia;43,477
668;F;0;Zenaide;43,468
669;F;0;Gloria;43,464
670;F;0;Adelina;43,353
671;F;0;Silmara;43,352
672;F;0;Wilma;43,347
673;M;100;Ari;43,145
674;F;0;Cristiana;43,014
675;M;100;Marcelino;42,996
676;M;100;Pietro;42,873
677;M;84;Caua;42,743
678;M;100;Lorenzo;42,651
679;M;100;John;42,603
680;F;0;Josilene;42,582
681;F;0;Eliza;42,539
682;M;100;Joelson;42,532
683;F;0;Agatha;42,388
684;F;0;Leda;42,358
685;M;100;Romildo;42,275
686;F;0;Suellen;42,208
687;F;0;Roseane;42,182
688;M;100;Amauri;42,045
689;F;0;Edileuza;42,033
690;M;100;Amarildo;41,936
691;F;0;Priscilla;41,786
692;M;100;Magno;41,650
693;M;100;Agostinho;41,640
694;M;100;Izaias;41,479
695;M;100;Dario;41,417
696;M;100;Adelino;41,395
697;M;100;Nathan;41,390
698;M;100;Robert;41,158
699;M;99;Edimar;41,091
700;M;100;Clayton;41,059
701;M;100;Max;41,025
702;F;0;Alexsandra;40,951
703;M;73;Eli;40,924
704;F;0;Dulce;40,916
705;M;100;Rui;40,770
706;M;100;Genival;40,656
707;F;0;Izaura;40,613
708;F;0;Judite;40,578
709;F;0;Dilma;40,518
710;M;100;Christian;40,399
711;F;15;Irani;40,319
712;M;100;Giovani;40,192
713;M;100;Roger;40,142
714;F;0;Lavinia;40,072
715;F;0;Albertina;40,038
716;M;100;Genilson;39,990
717;M;100;Levi;39,838
718;F;0;Tamara;39,772
719;M;100;Valdivino;39,749
720;F;0;Leonice;39,741
721;M;100;Adenilson;39,725
721;M;100;Antenor;39,725
721;F;0;Ivanilda;39,725
724;F;0;Isaura;39,509
725;M;100;Sérgio;39,496
726;F;0;Karoline;39,483
727;F;17;Emanuelly;39,402
728;F;0;Therezinha;39,204
729;M;90;Adair;39,201
730;F;0;Olinda;39,176
731;M;100;Elson;39,149
732;M;100;Amilton;39,133
733;F;0;Alda;38,956
734;F;0;Kamila;38,811
735;F;0;Zulmira;38,742
736;M;100;Claudionor;38,678
737;F;0;Vanusa;38,581
738;F;0;Marluce;38,578
739;M;100;Edimilson;38,388
740;M;100;Abel;38,378
741;F;0;Angelita;38,185
742;M;100;Yago;38,161
743;F;0;Marcilene;38,075
743;M;100;Valdinei;38,075
745;M;100;Isaque;38,014
746;F;8;Thaina;37,951
747;M;100;Adelson;37,876
748;M;100;Getulio;37,842
749;F;1;Thayna;37,786
750;F;0;Rafaella;37,655
751;F;0;Marizete;37,638
752;F;0;Graziela;37,579
753;M;100;Otacilio;37,540
754;F;0;Josefina;37,465
755;F;0;Helen;37,403
756;F;0;Rosalia;37,392
757;M;100;Bento;37,344
758;F;0;Geovanna;37,263
759;M;100;Aguinaldo;37,134
760;F;0;Maira;37,123
761;F;0;Gessica;37,028
762;M;100;Silas;36,989
763;M;100;Ederson;36,964
764;M;2;Guiomar;36,926
765;M;100;Deivid;36,842
766;M;100;Yan;36,649
767;F;0;Mary;36,462
768;M;100;Edmundo;36,449
769;F;0;Thereza;36,338
770;F;0;Magda;36,323
771;F;26;Alcione;36,263
772;F;0;Marilza;36,219
773;M;100;Josenildo;36,215
774;M;100;Jeronimo;36,207
775;F;0;Creusa;36,179
776;F;0;Julieta;36,138
777;M;100;Higor;35,967
778;F;0;Gilmara;35,929
779;F;0;Leonor;35,914
780;M;100;Dorival;35,890
781;M;100;Tarcisio;35,847
782;F;0;Yara;35,815
783;F;0;Bernadete;35,790
784;M;100;Eliseu;35,726
785;M;100;Aristides;35,648
786;F;0;Joselia;35,583
787;F;12;Thamires;35,523
788;M;100;Eraldo;35,485
789;M;100;Erik;35,409
790;F;0;Zenilda;35,256
791;F;0;Deborah;35,193
792;F;0;Stefany;35,011
793;F;0;Jamile;34,850
794;F;0;Idalina;34,825
795;F;0;Maisa;34,806
796;M;100;Josiel;34,492
797;F;0;Elóisa;34,400
798;M;100;Silvano;34,355
799;M;100;Edivan;34,205
800;M;70;Kaue;34,123
801;F;0;Graziele;34,094
802;F;0;Ilza;34,039
803;M;100;Aloisio;34,038
804;F;38;Adriele;34,018
805;M;100;Emilio;33,951
806;F;0;Edina;33,924
807;M;100;Bryan;33,807
808;M;100;Eliezer;33,533
809;M;100;Gelson;33,410
810;F;0;Gilda;33,387
811;F;0;Ione;33,353
812;M;100;Welington;33,333
813;F;0;Neli;33,315
814;F;0;Giselle;33,111
815;F;0;Gislene;33,052
816;F;0;Aurora;33,050
817;F;0;Matilde;33,047
818;F;0;Ilma;33,017
819;M;100;Donizete;32,949
820;M;100;Emanuelle;32,944
821;F;0;Manuella;32,936
822;M;100;Valdeir;32,853
823;F;0;Mayra;32,677
824;F;0;Alicia;32,492
825;M;100;Thales;32,411
826;F;0;Ivanilde;32,280
827;F;0;Vanderleia;32,279
828;F;0;Elisabeth;32,244
829;F;0;Romilda;32,192
830;F;22;Nicolly;32,151
831;M;100;Weslley;32,089
832;M;100;Kevin;32,088
833;F;0;Francilene;32,067
834;F;0;Valdelice;32,058
835;F;0;Natalina;32,030
836;M;61;Josemar;31,984
837;F;0;Stephanie;31,962
838;M;100;Anselmo;31,935
839;F;0;Leandra;31,926
840;F;0;Lindinalva;31,902
841;F;0;Jurema;31,872
842;F;0;Marineide;31,861
843;F;0;Claudineia;31,737
844;F;0;Milene;31,701
845;M;65;Darcy;31,653
846;M;100;Eliel;31,592
847;F;0;Luci;31,556
848;M;100;Ronald;31,444
849;F;0;Meire;31,404
850;M;98;Fagner;31,329
851;F;0;Analia;31,320
852;M;100;Clodoaldo;31,285
853;M;100;Hudson;31,282
854;F;0;Jenifer;31,273
855;F;0;Almerinda;31,142
856;M;100;Rosimar;31,088
857;F;0;Joaquina;31,075
858;F;0;Lucelia;31,059
859;M;100;Maurilio;30,987
860;F;0;Vanilda;30,919
861;F;0;Marines;30,863
862;F;0;Fabricia;30,814
863;M;100;Anthony;30,758
864;M;100;Wendel;30,739
865;M;100;Lourenco;30,725
866;F;0;Neiva;30,506
867;F;0;Mercedes;30,457
868;F;0;Isis;30,388
869;M;100;Elio;30,355
870;M;100;Marcilio;30,343
871;F;0;Camilla;30,314
872;M;100;Givaldo;30,310
873;F;0;Jaciara;30,264
874;F;0;Paulina;30,238
875;M;100;Jadson;30,188
876;F;0;Manoela;30,103
877;F;0;Jucilene;30,070
878;F;0;Nara;29,956
879;M;89;Alison;29,922
880;M;100;Felix;29,903
881;M;100;Braz;29,812
882;M;100;Euripedes;29,792
883;F;0;Dalila;29,757
884;F;4;Iracy;29,750
885;M;100;Natan;29,712
886;M;100;Icaro;29,711
887;F;0;Edinalva;29,658
888;F;0;Janice;29,639
889;M;100;Durval;29,620
889;M;100;Everson;29,620
891;M;100;Paulino;29,591
892;M;100;Wilton;29,587
893;M;100;Mariano;29,560
894;M;100;Enio;29,534
895;M;100;Ademilson;29,453
896;F;0;Ieda;29,439
897;M;100;Ulisses;29,434
898;F;9;Dione;29,410
899;M;100;Nilo;29,368
900;M;100;Abilio;29,318
901;M;100;Heleno;29,301
902;M;100;Avelino;29,293
903;M;100;Juscelino;29,276
904;F;0;Edith;29,011
905;F;47;Juracy;28,994
906;F;0;Geane;28,965
907;M;100;Genesio;28,949
908;F;0;Dolores;28,933
908;F;0;Lindaura;28,933
910;M;100;Andrey;28,912
911;M;100;Caique;28,898
912;M;100;Odilon;28,858
913;M;100;Americo;28,796
914;M;100;Ananias;28,787
915;M;100;Amadeu;28,677
916;M;100;Adolfo;28,674
917;M;100;Giovanni;28,595
918;M;100;Elvis;28,577
919;M;100;Cláudio;28,493
920;M;51;Eurides;28,442
921;F;0;Cláudia;28,359
921;M;100;Jardel;28,359
923;F;0;Candida;28,339
924;M;100;Albino;28,300
925;M;100;Marivaldo;28,283
926;M;100;James;28,107
927;M;100;Gonçalo;28,080
928;M;100;Vanderson;28,046
929;M;100;Marciano;28,028
930;F;0;Edivania;27,877
931;F;0;Dayana;27,869
932;F;0;Samira;27,825
933;M;100;Maciel;27,800
934;M;100;Weverton;27,780
935;F;0;Santina;27,710
936;M;100;Haroldo;27,690
937;M;100;Josivaldo;27,654
938;M;100;Rene;27,619
939;M;100;Jesse;27,597
940;F;0;Augusta;27,594
941;F;0;Cibele;27,575
942;F;0;Antonieta;27,547
943;M;100;Nelci;27,518
944;F;0;Enedina;27,443
945;F;0;Jovelina;27,405
946;M;100;Elcio;27,388
947;M;100;Givanildo;27,371
948;F;0;Francinete;27,237
949;M;100;Natalino;27,209
950;M;100;Dionisio;27,188
951;M;100;Adauto;27,171
952;M;100;Joselito;27,150
953;F;0;Berenice;27,083
954;F;0;Inez;27,054
955;F;0;Judith;27,032
956;M;100;Theo;27,024
957;F;0;Irma;26,999
958;F;0;Margareth;26,995
959;M;100;Abraao;26,956
960;M;100;Aurelio;26,947
961;F;0;Daniella;26,937
962;F;0;Lazara;26,926
963;M;96;Gean;26,886
964;M;100;Ewerton;26,822
965;F;0;Giulia;26,813
966;F;27;Thays;26,791
967;M;100;Nestor;26,788
968;M;83;Adrian;26,722
969;M;100;Emanoel;26,705
970;F;0;Zuleide;26,653
971;M;100;Olavo;26,593
972;F;0;Izabela;26,584
973;F;0;Leonilda;26,499
974;M;53;Ivanir;26,447
975;M;100;Rogério;26,402
976;F;0;Jeniffer;26,349
977;F;0;Cacilda;26,317
977;M;100;Onofre;26,317
979;M;100;Rivaldo;26,286
980;F;0;Cinthia;26,257
980;M;100;Ian;26,257
982;F;0;Filomena;26,246
983;F;0;Cleidiane;26,207
984;M;100;Franklin;26,199
985;M;100;Isac;26,176
986;F;0;Thalia;26,056
987;F;0;Estela;26,038
988;F;0;Gleice;25,936
989;M;100;Edvan;25,904
990;F;0;Zilma;25,893
991;F;0;Otilia;25,890
992;F;0;Gildete;25,853
993;F;3;Laryssa;25,793
994;M;100;Leonel;25,759
995;M;100;Romeu;25,753
996;F;0;Ivana;25,665
997;M;100;Cezar;25,564
998;M;100;Ariel;25,554
999;F;0;Rosely;25,538
1000;M;100;Ary;25,435